parameter,outer_width,inner_width,point_est,ll,l,m,h,hh,Species,Sg_effect,Strategy,Q95,DBHmax,TreeHeightQ95,H_allometry,ScientificName,Species_code
tau,0.8,0.5,median,-1.922173,-1.8275824999999999,-1.723695,-1.61982,-1.527119,Oxandra asbeckii,TRUE,Canopy species,17.8253536262923,60.1605684887364,22.125810565739172,Specific,Oxandra_asbeckii,Oxa_asb
a,0.8,0.5,median,-0.14371710000000001,-0.13686425000000002,-0.12891550000000002,-0.12096425000000001,-0.1135909,Oxandra asbeckii,TRUE,Canopy species,17.8253536262923,60.1605684887364,22.125810565739172,Specific,Oxandra_asbeckii,Oxa_asb
O,0.8,0.5,median,-3.3436410000000003,-3.298825,-3.24462,-3.192845,-3.14545,Oxandra asbeckii,TRUE,Canopy species,17.8253536262923,60.1605684887364,22.125810565739172,Specific,Oxandra_asbeckii,Oxa_asb
tau,0.8,0.5,median,-1.434974,-1.3275425,-1.2084700000000002,-1.0932024999999999,-0.9934883999999999,Qualea rosea,TRUE,Canopy species,77.9859221150287,125.254940213322,39.1555416604662,Specific,Qualea_rosea,Qua_ros
a,0.8,0.5,median,-0.017747640000000002,-0.011852975,-0.006370605,-0.0029308924999999998,-0.0011419419999999997,Qualea rosea,TRUE,Canopy species,77.9859221150287,125.254940213322,39.1555416604662,Specific,Qualea_rosea,Qua_ros
O,0.8,0.5,median,-5.388075,-4.212994999999999,-3.3142,-2.431895,-1.4506839999999954,Qualea rosea,FALSE,Canopy species,77.9859221150287,125.254940213322,39.1555416604662,Specific,Qualea_rosea,Qua_ros
tau,0.8,0.5,median,0.22960139999999998,0.32112425,0.42514850000000004,0.5258182499999999,0.6159979000000001,Lecythis persistens,TRUE,Canopy species,28.3295798703574,110.453530505775,26.596039633426628,Specific,Lecythis_persistens,Lec_per
a,0.8,0.5,median,-0.07141086999999999,-0.06364600000000001,-0.0553998,-0.0473595,-0.04144197999999999,Lecythis persistens,TRUE,Canopy species,28.3295798703574,110.453530505775,26.596039633426628,Specific,Lecythis_persistens,Lec_per
O,0.8,0.5,median,-1.68253,-1.481655,-1.20893,-0.8812125,-0.5365306999999998,Lecythis persistens,TRUE,Canopy species,28.3295798703574,110.453530505775,26.596039633426628,Specific,Lecythis_persistens,Lec_per
tau,0.8,0.5,median,1.3540279999999998,1.4722675,1.5923699999999998,1.7169675,1.827482,Anaxagorea dolichocarpa,TRUE,Understory species,13.2257757709365,13.687325105903,13.822992701724377,Community,Anaxagorea_dolichocarpa,Ana_dol
a,0.8,0.5,median,-0.2102352,-0.1956065,-0.180069,-0.1644665,-0.1505909,Anaxagorea dolichocarpa,TRUE,Understory species,13.2257757709365,13.687325105903,13.822992701724377,Community,Anaxagorea_dolichocarpa,Ana_dol
O,0.8,0.5,median,-4.232184999999999,-4.1643425,-4.091889999999999,-4.02755,-3.96672,Anaxagorea dolichocarpa,TRUE,Understory species,13.2257757709365,13.687325105903,13.822992701724377,Community,Anaxagorea_dolichocarpa,Ana_dol
tau,0.8,0.5,median,-1.7607490000000001,-1.642065,-1.5116800000000001,-1.37894,-1.260565,Iryanthera sagotiana,TRUE,Canopy species,35.6866497438995,58.7281740009094,29.76820183907897,Specific,Iryanthera_sagotiana,Iry_sag
a,0.8,0.5,median,-0.02654539,-0.018901075,-0.012240850000000001,-0.00711499,-0.0035899429999999995,Iryanthera sagotiana,TRUE,Canopy species,35.6866497438995,58.7281740009094,29.76820183907897,Specific,Iryanthera_sagotiana,Iry_sag
O,0.8,0.5,median,-6.423252,-5.72807,-4.868914999999999,-4.183955,-3.632306999999999,Iryanthera sagotiana,FALSE,Canopy species,35.6866497438995,58.7281740009094,29.76820183907897,Specific,Iryanthera_sagotiana,Iry_sag
tau,0.8,0.5,median,1.731811,1.8395725,1.9609800000000002,2.0814075,2.184161,Iryanthera hostmannii,TRUE,Canopy species,23.5549315776005,45.8366236104659,27.099007562385474,Specific,Iryanthera_hostmannii,Iry_hos
a,0.8,0.5,median,-0.048775,-0.037482025,-0.025142650000000002,-0.014924275,-0.008737434999999998,Iryanthera hostmannii,TRUE,Canopy species,23.5549315776005,45.8366236104659,27.099007562385474,Specific,Iryanthera_hostmannii,Iry_hos
O,0.8,0.5,median,-5.841956,-4.992485,-4.33042,-3.9045600000000005,-3.562297,Iryanthera hostmannii,TRUE,Canopy species,23.5549315776005,45.8366236104659,27.099007562385474,Specific,Iryanthera_hostmannii,Iry_hos
tau,0.8,0.5,median,-1.4977989999999999,-1.3475375,-1.1798250000000001,-1.01156,-0.8549563,Hymenopus heteromorphus,TRUE,Canopy species,36.446481968044,62.388737692023,26.214160222043866,Community,Hymenopus_heteromorphus,Hym_het
a,0.8,0.5,median,-0.08633532,-0.07375185000000001,-0.059845300000000004,-0.045775675,-0.03166424999999999,Hymenopus heteromorphus,TRUE,Canopy species,36.446481968044,62.388737692023,26.214160222043866,Community,Hymenopus_heteromorphus,Hym_het
O,0.8,0.5,median,-3.7174220000000004,-3.5178425,-3.32845,-3.1275399999999998,-2.908651,Hymenopus heteromorphus,TRUE,Canopy species,36.446481968044,62.388737692023,26.214160222043866,Community,Hymenopus_heteromorphus,Hym_het
tau,0.8,0.5,median,-0.9709697,-0.8416539999999999,-0.698258,-0.557023,-0.43225129999999995,Symphonia sp.1,TRUE,Canopy species,NA,NA,31.632154282353717,Specific,Symphonia_sp.1,Sym_sp.
a,0.8,0.5,median,-0.006253761,-0.0038221024999999997,-0.00199732,-8.565305e-4,-3.477662999999999e-4,Symphonia sp.1,TRUE,Canopy species,NA,NA,31.632154282353717,Specific,Symphonia_sp.1,Sym_sp.
O,0.8,0.5,median,-6.426727,-5.583489999999999,-4.1630400000000005,-2.5242575,-1.1643719999999995,Symphonia sp.1,FALSE,Canopy species,NA,NA,31.632154282353717,Specific,Symphonia_sp.1,Sym_sp.
tau,0.8,0.5,median,0.6134827,0.7230397500000001,0.8465545,0.9626055,1.067569,Licania alba,TRUE,Canopy species,43.4492994640874,84.9091621395262,32.89478586685213,Specific,Licania_alba,Lic_alb
a,0.8,0.5,median,-0.02092207,-0.017762825000000003,-0.01446685,-0.011145049999999998,-0.008188094,Licania alba,TRUE,Canopy species,43.4492994640874,84.9091621395262,32.89478586685213,Specific,Licania_alba,Lic_alb
O,0.8,0.5,median,-0.9747152,-0.6040417499999999,-0.316942,-0.13497725,-0.05104279999999997,Licania alba,FALSE,Canopy species,43.4492994640874,84.9091621395262,32.89478586685213,Specific,Licania_alba,Lic_alb
tau,0.8,0.5,median,-0.01716299000000004,0.12298700000000001,0.2807285,0.431057,0.5597961,Guarea costata,FALSE,Understory species,12.0798601806749,12.095775674984,12.27378492758135,Community,Guarea_costata,Gua_cos
a,0.8,0.5,median,-0.1037865,-0.087779225,-0.07196625,-0.059737675000000004,-0.051595319999999986,Guarea costata,TRUE,Understory species,12.0798601806749,12.095775674984,12.27378492758135,Community,Guarea_costata,Gua_cos
O,0.8,0.5,median,-6.723785,-6.378004999999999,-5.932385,-5.537505,-5.260228,Guarea costata,TRUE,Understory species,12.0798601806749,12.095775674984,12.27378492758135,Community,Guarea_costata,Gua_cos
tau,0.8,0.5,median,0.12830989999999995,0.257786,0.3938915,0.52807425,0.6500047000000001,Eschweilera coriacea,TRUE,Canopy species,52.2028213341417,100.739015931718,32.239282316458784,Specific,Eschweilera_coriacea,Esc_cor
a,0.8,0.5,median,-0.03860964,-0.0345593,-0.03061075,-0.02693305,-0.02383846,Eschweilera coriacea,TRUE,Canopy species,52.2028213341417,100.739015931718,32.239282316458784,Specific,Eschweilera_coriacea,Esc_cor
O,0.8,0.5,median,-0.8583855000000001,-0.583517,-0.314019,-0.135453,-0.052210609999999914,Eschweilera coriacea,TRUE,Canopy species,52.2028213341417,100.739015931718,32.239282316458784,Specific,Eschweilera_coriacea,Esc_cor
tau,0.8,0.5,median,-1.07929,-0.9289880000000001,-0.7640294999999999,-0.58623125,-0.4379588,Inga loubryana,TRUE,Canopy species,38.4438765038473,90.7183175623803,29.568963631385387,Specific,Inga_loubryana,Ing_lou
a,0.8,0.5,median,-0.036487780000000004,-0.024285775,-0.0139812,-0.0069411175,-0.003065322999999998,Inga loubryana,TRUE,Canopy species,38.4438765038473,90.7183175623803,29.568963631385387,Specific,Inga_loubryana,Ing_lou
O,0.8,0.5,median,-4.18464,-3.3000375,-2.581485,-1.7172425,-0.8313025999999999,Inga loubryana,FALSE,Canopy species,38.4438765038473,90.7183175623803,29.568963631385387,Specific,Inga_loubryana,Ing_lou
tau,0.8,0.5,median,-1.012576,-0.85149875,-0.6631245,-0.48363825,-0.32622149999999994,Virola michelii,TRUE,Canopy species,53.3805679130216,112.665784214753,31.20617684617544,Specific,Virola_michelii,Vir_mic
a,0.8,0.5,median,-0.06457159999999999,-0.050282925,-0.03600415,-0.02456055,-0.01679685,Virola michelii,TRUE,Canopy species,53.3805679130216,112.665784214753,31.20617684617544,Specific,Virola_michelii,Vir_mic
O,0.8,0.5,median,-2.847606,-2.5428349999999997,-2.118715,-1.4848850000000002,-0.8460181999999998,Virola michelii,TRUE,Canopy species,53.3805679130216,112.665784214753,31.20617684617544,Specific,Virola_michelii,Vir_mic
tau,0.8,0.5,median,0.6964865,0.86682325,1.0491350000000002,1.2211625,1.397401,Protium opacum,TRUE,Canopy species,12.9803819999999,64,14.36212394788138,Specific,Protium_opacum,Pro_opa
a,0.8,0.5,median,-0.1106266,-0.092542175,-0.0728068,-0.0545814,-0.04029299,Protium opacum,TRUE,Canopy species,12.9803819999999,64,14.36212394788138,Specific,Protium_opacum,Pro_opa
O,0.8,0.5,median,-5.8376090000000005,-5.2808649999999995,-4.844060000000001,-4.5329475,-4.334945,Protium opacum,TRUE,Canopy species,12.9803819999999,64,14.36212394788138,Specific,Protium_opacum,Pro_opa
tau,0.8,0.5,median,-1.685011,-1.459705,-1.222275,-0.9771752499999999,-0.7744417999999997,Eschweilera sagotiana,TRUE,Canopy species,47.7464829275686,115.217568468993,35.26914195664125,Specific,Eschweilera_sagotiana,Esc_sag
a,0.8,0.5,median,-0.04249336,-0.038187975,-0.0336988,-0.029535275,-0.025783409999999996,Eschweilera sagotiana,TRUE,Canopy species,47.7464829275686,115.217568468993,35.26914195664125,Specific,Eschweilera_sagotiana,Esc_sag
O,0.8,0.5,median,-0.6872912,-0.44663325,-0.2310925,-0.09664392499999999,-0.03743843,Eschweilera sagotiana,TRUE,Canopy species,47.7464829275686,115.217568468993,35.26914195664125,Specific,Eschweilera_sagotiana,Esc_sag
tau,0.8,0.5,median,-1.144959,-0.95621,-0.7575265,-0.5548960000000001,-0.3835823999999999,Licania membranacea,TRUE,Canopy species,45.9957785535578,131.9712788118,34.5009277634125,Specific,Licania_membranacea,Lic_mem
a,0.8,0.5,median,-0.05304869,-0.04778544999999999,-0.04261645,-0.037804674999999996,-0.03378958,Licania membranacea,TRUE,Canopy species,45.9957785535578,131.9712788118,34.5009277634125,Specific,Licania_membranacea,Lic_mem
O,0.8,0.5,median,-0.7855571000000001,-0.51995725,-0.27983250000000004,-0.12224299999999999,-0.04751043999999999,Licania membranacea,TRUE,Canopy species,45.9957785535578,131.9712788118,34.5009277634125,Specific,Licania_membranacea,Lic_mem
tau,0.8,0.5,median,-3.352752,-3.0758925,-2.755985,-2.4661075,-2.194014,Talisia guianensis,TRUE,Understory species,5.075,39,10.9388505547328,Community,Talisia_guianensis,Tal_gui
a,0.8,0.5,median,-0.2697946,-0.23849875,-0.205525,-0.17260075000000002,-0.14571460000000003,Talisia guianensis,TRUE,Understory species,5.075,39,10.9388505547328,Community,Talisia_guianensis,Tal_gui
O,0.8,0.5,median,-4.677405,-4.5265175,-4.383815,-4.264,-4.1662,Talisia guianensis,TRUE,Understory species,5.075,39,10.9388505547328,Community,Talisia_guianensis,Tal_gui
tau,0.8,0.5,median,-0.6936161000000002,-0.4977325,-0.26979949999999997,-0.06754285,0.1263102,Pogonophora schomburgkiana,FALSE,Canopy species,24.1915513499681,40.9028203746171,22.388143203755675,Specific,Pogonophora_schomburgkiana,Pog_sch
a,0.8,0.5,median,-0.025471740000000003,-0.015425475,-0.00830507,-0.0038223675,-0.0014641159999999984,Pogonophora schomburgkiana,TRUE,Canopy species,24.1915513499681,40.9028203746171,22.388143203755675,Specific,Pogonophora_schomburgkiana,Pog_sch
O,0.8,0.5,median,-5.448822,-4.082565000000001,-2.944225,-1.8111724999999999,-0.8337801999999999,Pogonophora schomburgkiana,FALSE,Canopy species,24.1915513499681,40.9028203746171,22.388143203755675,Specific,Pogonophora_schomburgkiana,Pog_sch
tau,0.8,0.5,median,-0.7494683000000001,-0.5688765,-0.374079,-0.171799,-0.002220229999999979,Gustavia hexapetala,TRUE,Canopy species,22.3214807686383,39.9478907160657,24.798030485193053,Specific,Gustavia_hexapetala,Gus_hex
a,0.8,0.5,median,-0.059205780000000006,-0.045881700000000004,-0.0341249,-0.025240524999999996,-0.018903959999999997,Gustavia hexapetala,TRUE,Canopy species,22.3214807686383,39.9478907160657,24.798030485193053,Specific,Gustavia_hexapetala,Gus_hex
O,0.8,0.5,median,-2.355389,-1.9784074999999999,-1.44061,-0.8099485,-0.3641799999999996,Gustavia hexapetala,TRUE,Canopy species,22.3214807686383,39.9478907160657,24.798030485193053,Specific,Gustavia_hexapetala,Gus_hex
tau,0.8,0.5,median,-0.10791270000000001,0.096232625,0.323519,0.53601425,0.7315841000000001,Catostemma fragrans,FALSE,Canopy species,34.3217634777672,69.3915551880664,23.501805143816398,Specific,Catostemma_fragrans,Cat_fra
a,0.8,0.5,median,-0.05393155,-0.043952275000000006,-0.03521315,-0.027748825,-0.02173978,Catostemma fragrans,TRUE,Canopy species,34.3217634777672,69.3915551880664,23.501805143816398,Specific,Catostemma_fragrans,Cat_fra
O,0.8,0.5,median,-6.857296,-6.6127425,-6.183295,-5.6571075,-5.190325999999999,Catostemma fragrans,TRUE,Canopy species,34.3217634777672,69.3915551880664,23.501805143816398,Specific,Catostemma_fragrans,Cat_fra
tau,0.8,0.5,median,-1.093385,-0.8360429999999999,-0.5632965,-0.290517,-0.054901679999999974,Pouteria singularis,TRUE,Canopy species,48.1284547909891,85.9436692696235,27.317933482254134,Specific,Pouteria_singularis,Pou_sin
a,0.8,0.5,median,-0.16171670000000005,-0.13548525,-0.106542,-0.07938975,-0.05821314999999999,Pouteria singularis,TRUE,Canopy species,48.1284547909891,85.9436692696235,27.317933482254134,Specific,Pouteria_singularis,Pou_sin
O,0.8,0.5,median,-5.5992429999999995,-5.07137,-4.683375,-4.4197425,-4.227316,Pouteria singularis,TRUE,Canopy species,48.1284547909891,85.9436692696235,27.317933482254134,Specific,Pouteria_singularis,Pou_sin
tau,0.8,0.5,median,-0.5855452999999999,-0.36246999999999996,-0.1130695,0.13092150000000002,0.3519892000000001,Pouteria guianensis,FALSE,Canopy species,48.0170463308248,106.202767234029,31.985525800825513,Specific,Pouteria_guianensis,Pou_gui
a,0.8,0.5,median,-0.01677257,-0.011172350000000001,-0.0060288600000000005,-0.0026653575,-9.573041999999999e-4,Pouteria guianensis,TRUE,Canopy species,48.0170463308248,106.202767234029,31.985525800825513,Specific,Pouteria_guianensis,Pou_gui
O,0.8,0.5,median,-6.548671,-5.915262500000001,-4.827805,-3.375115,-1.7761879999999999,Pouteria guianensis,FALSE,Canopy species,48.0170463308248,106.202767234029,31.985525800825513,Specific,Pouteria_guianensis,Pou_gui
tau,0.8,0.5,median,1.120961,1.3020200000000002,1.50869,1.709215,1.9004340000000002,Ruizterania albiflora,TRUE,Canopy species,79.6331757760298,131.461982993906,33.18903599260714,Specific,Ruizterania_albiflora,Rui_alb
a,0.8,0.5,median,-0.2280856,-0.20308425000000002,-0.176656,-0.14961375,-0.1269049,Ruizterania albiflora,TRUE,Canopy species,79.6331757760298,131.461982993906,33.18903599260714,Specific,Ruizterania_albiflora,Rui_alb
O,0.8,0.5,median,-3.333273,-3.2309225,-3.1120400000000004,-2.9824849999999996,-2.8552150000000003,Ruizterania albiflora,TRUE,Canopy species,79.6331757760298,131.461982993906,33.18903599260714,Specific,Ruizterania_albiflora,Rui_alb
tau,0.8,0.5,median,-1.2257200000000001,-1.0353249999999998,-0.8328365,-0.6204825,-0.4443367,Bocoa prouacensis,TRUE,Canopy species,43.6084544071793,72.2563441637205,37.106974915268225,Specific,Bocoa_prouacensis,Boc_pro
a,0.8,0.5,median,-0.051688960000000006,-0.0472055,-0.0423491,-0.0375148,-0.033264339999999996,Bocoa prouacensis,TRUE,Canopy species,43.6084544071793,72.2563441637205,37.106974915268225,Specific,Bocoa_prouacensis,Boc_pro
O,0.8,0.5,median,-0.40947300000000003,-0.25888725,-0.132753,-0.055659375000000004,-0.02191039999999999,Bocoa prouacensis,TRUE,Canopy species,43.6084544071793,72.2563441637205,37.106974915268225,Specific,Bocoa_prouacensis,Boc_pro
tau,0.8,0.5,median,-0.9217446000000001,-0.7053515,-0.45704849999999997,-0.209642,0.007892374000000263,Trichilia schomburgkii,FALSE,Canopy species,25.7592275394233,84.9887396110721,23.09047124824617,Specific,Trichilia_schomburgkii,Tri_sch
a,0.8,0.5,median,-0.06044692,-0.04560375,-0.03247345,-0.022574075000000002,-0.015254939999999998,Trichilia schomburgkii,TRUE,Canopy species,25.7592275394233,84.9887396110721,23.09047124824617,Specific,Trichilia_schomburgkii,Tri_sch
O,0.8,0.5,median,-6.634522,-6.16351,-5.467135000000001,-4.845845,-4.366734,Trichilia schomburgkii,TRUE,Canopy species,25.7592275394233,84.9887396110721,23.09047124824617,Specific,Trichilia_schomburgkii,Tri_sch
tau,0.8,0.5,median,1.079988,1.2885875,1.51377,1.7331349999999999,1.9391710000000002,Talisia sylvatica,TRUE,Understory species,36.8841580615467,44.5952150543491,7.92375269005061,Community,Talisia_sylvatica,Tal_syl
a,0.8,0.5,median,-0.1706619,-0.1423265,-0.1172465,-0.098944275,-0.08516198999999999,Talisia sylvatica,TRUE,Understory species,36.8841580615467,44.5952150543491,7.92375269005061,Community,Talisia_sylvatica,Tal_syl
O,0.8,0.5,median,-6.840548,-6.6098300000000005,-6.2483450000000005,-5.861105,-5.552994999999999,Talisia sylvatica,TRUE,Understory species,36.8841580615467,44.5952150543491,7.92375269005061,Community,Talisia_sylvatica,Tal_syl
tau,0.8,0.5,median,0.08781015999999998,0.28188925000000004,0.49861500000000003,0.71681675,0.9139324000000001,Mouriri crassifolia,TRUE,Canopy species,40.7118344429068,70.9831046189853,26.0436756529142,Specific,Mouriri_crassifolia,Mou_cra
a,0.8,0.5,median,-0.0595807,-0.050371,-0.04166715,-0.03409265,-0.027648729999999996,Mouriri crassifolia,TRUE,Canopy species,40.7118344429068,70.9831046189853,26.0436756529142,Specific,Mouriri_crassifolia,Mou_cra
O,0.8,0.5,median,-6.914661,-6.7718,-6.493695,-6.093192500000001,-5.706441999999999,Mouriri crassifolia,TRUE,Canopy species,40.7118344429068,70.9831046189853,26.0436756529142,Specific,Mouriri_crassifolia,Mou_cra
tau,0.8,0.5,median,0.10814849999999995,0.346882,0.6082745,0.8692147499999999,1.091633,Eugenia coffeifolia,TRUE,Understory species,2.93,9,7.298779845035066,Community,Eugenia_coffeifolia,Eug_cof
a,0.8,0.5,median,-0.3481037,-0.29760875,-0.24487399999999998,-0.19788850000000002,-0.1616319,Eugenia coffeifolia,TRUE,Understory species,2.93,9,7.298779845035066,Community,Eugenia_coffeifolia,Eug_cof
O,0.8,0.5,median,-6.255611,-5.8956075,-5.60402,-5.3850275,-5.228855,Eugenia coffeifolia,TRUE,Understory species,2.93,9,7.298779845035066,Community,Eugenia_coffeifolia,Eug_cof
tau,0.8,0.5,median,-3.277711,-2.9623325,-2.592,-2.241355,-1.927972,Eschweilera congestiflora,TRUE,Canopy species,40.5845104884333,71.074050300752,32.49507250744185,Specific,Eschweilera_congestiflora,Esc_con
a,0.8,0.5,median,-0.021142020000000004,-0.014087675000000001,-0.007872375000000001,-0.003440065,-0.0013810519999999998,Eschweilera congestiflora,TRUE,Canopy species,40.5845104884333,71.074050300752,32.49507250744185,Specific,Eschweilera_congestiflora,Esc_con
O,0.8,0.5,median,-4.977411,-3.3772450000000003,-2.07189,-1.0321375,-0.40830409999999995,Eschweilera congestiflora,FALSE,Canopy species,40.5845104884333,71.074050300752,32.49507250744185,Specific,Eschweilera_congestiflora,Esc_con
tau,0.8,0.5,median,0.01602406999999998,0.252373,0.5212764999999999,0.79966525,1.037835,Cordia nodosa,TRUE,Understory species,11.4591559026165,11.4591559026165,8.869250982118604,Community,Cordia_nodosa,Cor_nod
a,0.8,0.5,median,-0.29980700000000005,-0.25481175,-0.20697300000000002,-0.16225325000000002,-0.12482949999999998,Cordia nodosa,TRUE,Understory species,11.4591559026165,11.4591559026165,8.869250982118604,Community,Cordia_nodosa,Cor_nod
O,0.8,0.5,median,-5.664041999999999,-5.3211625,-5.0298099999999994,-4.827170000000001,-4.6785559999999995,Cordia nodosa,TRUE,Understory species,11.4591559026165,11.4591559026165,8.869250982118604,Community,Cordia_nodosa,Cor_nod
tau,0.8,0.5,median,0.21179139999999988,0.44451625,0.6913995,0.9269555,1.1534190000000002,Tachigali melinonii,TRUE,Canopy species,67.5523208769606,102.973248180456,40.03292987343995,Specific,Tachigali_melinonii,Tac_mel
a,0.8,0.5,median,-0.1283777,-0.10694075,-0.08616135,-0.06791349999999999,-0.055454699999999996,Tachigali melinonii,TRUE,Canopy species,67.5523208769606,102.973248180456,40.03292987343995,Specific,Tachigali_melinonii,Tac_mel
O,0.8,0.5,median,-1.965657,-1.6969949999999998,-1.3222,-0.8567195,-0.4195851999999999,Tachigali melinonii,TRUE,Canopy species,67.5523208769606,102.973248180456,40.03292987343995,Specific,Tachigali_melinonii,Tac_mel
tau,0.8,0.5,median,-0.7930224000000001,-0.54691225,-0.282827,-0.0214134,0.2146161,Hirtella bicornis,FALSE,Canopy species,35.7462002184397,50.3486662471211,27.945763960609796,Specific,Hirtella_bicornis,Hir_bic
a,0.8,0.5,median,-0.1265745,-0.0983744,-0.0691004,-0.038660075,-0.018029339999999994,Hirtella bicornis,TRUE,Canopy species,35.7462002184397,50.3486662471211,27.945763960609796,Specific,Hirtella_bicornis,Hir_bic
O,0.8,0.5,median,-4.543708,-3.9968475,-3.6331350000000002,-3.3095025000000002,-2.9421419999999996,Hirtella bicornis,TRUE,Canopy species,35.7462002184397,50.3486662471211,27.945763960609796,Specific,Hirtella_bicornis,Hir_bic
tau,0.8,0.5,median,-2.5986740000000004,-2.316285,-2.0075250000000002,-1.7284375,-1.476351,Couratari multiflora,TRUE,Canopy species,49.9706732572778,108.225361302489,31.7798862212879,Specific,Couratari_multiflora,Cou_mul
a,0.8,0.5,median,-0.0200038,-0.012300225,-0.00650812,-0.0028848175,-0.0011460439999999997,Couratari multiflora,TRUE,Canopy species,49.9706732572778,108.225361302489,31.7798862212879,Specific,Couratari_multiflora,Cou_mul
O,0.8,0.5,median,-5.826811,-4.4297249999999995,-2.881815,-1.571675,-0.7069145999999998,Couratari multiflora,FALSE,Canopy species,49.9706732572778,108.225361302489,31.7798862212879,Specific,Couratari_multiflora,Cou_mul
tau,0.8,0.5,median,-0.4661366,-0.22677325,0.03961405,0.30065325000000004,0.5567334000000002,Homalolepis cedron,FALSE,Canopy species,20.8174665564199,66.2084563262285,23.1679692509211,Community,Homalolepis_cedron,Hom_ced
a,0.8,0.5,median,-0.15168130000000002,-0.1294935,-0.1063765,-0.085046075,-0.06883951,Homalolepis cedron,TRUE,Canopy species,20.8174665564199,66.2084563262285,23.1679692509211,Community,Homalolepis_cedron,Hom_ced
O,0.8,0.5,median,-2.060813,-1.855745,-1.558005,-1.1607725,-0.7279446999999998,Homalolepis cedron,TRUE,Canopy species,20.8174665564199,66.2084563262285,23.1679692509211,Community,Homalolepis_cedron,Hom_ced
tau,0.8,0.5,median,0.09490523999999985,0.32962125,0.5748115,0.81814,1.042763,Dicorynia guianensis,TRUE,Canopy species,77.0309924564773,150.591611378836,34.37435551413225,Specific,Dicorynia_guianensis,Dic_gui
a,0.8,0.5,median,-0.035253679999999996,-0.0248119,-0.01520555,-0.0076398,-0.003338329999999998,Dicorynia guianensis,TRUE,Canopy species,77.0309924564773,150.591611378836,34.37435551413225,Specific,Dicorynia_guianensis,Dic_gui
O,0.8,0.5,median,-3.883769,-2.6725874999999997,-1.728755,-0.9141809999999999,-0.37985389999999963,Dicorynia guianensis,FALSE,Canopy species,77.0309924564773,150.591611378836,34.37435551413225,Specific,Dicorynia_guianensis,Dic_gui
tau,0.8,0.5,median,-0.9234013000000001,-0.6892595,-0.43554950000000003,-0.18002675,0.04204715000000014,Poraqueiba guianensis,FALSE,Canopy species,33.3668338192159,45.0408488950064,29.8554710923394,Specific,Poraqueiba_guianensis,Por_gui
a,0.8,0.5,median,-0.03833378,-0.0294396,-0.0214338,-0.013737825000000002,-0.0071394679999999995,Poraqueiba guianensis,TRUE,Canopy species,33.3668338192159,45.0408488950064,29.8554710923394,Specific,Poraqueiba_guianensis,Por_gui
O,0.8,0.5,median,-2.4136830000000002,-1.7005600000000003,-1.01789,-0.47495275000000003,-0.18521739999999975,Poraqueiba guianensis,TRUE,Canopy species,33.3668338192159,45.0408488950064,29.8554710923394,Specific,Poraqueiba_guianensis,Por_gui
tau,0.8,0.5,median,0.5856525,0.7965770000000001,1.037185,1.2713999999999999,1.4890439999999998,Mouriri huberi,TRUE,Canopy species,39.884228738829,52.2028213341417,25.540996167794237,Specific,Mouriri_huberi,Mou_hub
a,0.8,0.5,median,-0.05254157,-0.04197409999999999,-0.032232250000000004,-0.02327875,-0.016128729999999997,Mouriri huberi,TRUE,Canopy species,39.884228738829,52.2028213341417,25.540996167794237,Specific,Mouriri_huberi,Mou_hub
O,0.8,0.5,median,-6.856673,-6.6174875,-6.17511,-5.624334999999999,-5.0777339999999995,Mouriri huberi,TRUE,Canopy species,39.884228738829,52.2028213341417,25.540996167794237,Specific,Mouriri_huberi,Mou_hub
tau,0.8,0.5,median,-3.765299,-3.4796125,-3.1795549999999997,-2.8877925,-2.6201999999999996,Vouacapoua americana,TRUE,Canopy species,66.6700056611949,110.170588384723,39.85738007944782,Specific,Vouacapoua_americana,Vou_ame
a,0.8,0.5,median,-0.1017172,-0.09690865000000001,-0.09181790000000001,-0.08648272500000001,-0.08206704000000001,Vouacapoua americana,TRUE,Canopy species,66.6700056611949,110.170588384723,39.85738007944782,Specific,Vouacapoua_americana,Vou_ame
O,0.8,0.5,median,-0.11861550000000001,-0.07376905,-0.03715645,-0.01576225,-0.006083371999999998,Vouacapoua americana,TRUE,Canopy species,66.6700056611949,110.170588384723,39.85738007944782,Specific,Vouacapoua_americana,Vou_ame
tau,0.8,0.5,median,1.536635,1.766515,2.009095,2.253675,2.45399,Leonia glycycarpa,TRUE,Canopy species,30.8521857183639,52.9985960496011,26.18113729404732,Specific,Leonia_glycycarpa,Leo_gly
a,0.8,0.5,median,-0.05705135,-0.037026825,-0.02008665,-0.0093328275,-0.0038548959999999987,Leonia glycycarpa,TRUE,Canopy species,30.8521857183639,52.9985960496011,26.18113729404732,Specific,Leonia_glycycarpa,Leo_gly
O,0.8,0.5,median,-5.7605640000000005,-4.716175000000001,-3.783595,-2.96858,-1.9236589999999993,Leonia glycycarpa,TRUE,Canopy species,30.8521857183639,52.9985960496011,26.18113729404732,Specific,Leonia_glycycarpa,Leo_gly
tau,0.8,0.5,median,0.5211804,0.76321075,1.0111750000000002,1.2638975,1.4973360000000002,Pouteria gonggrijpii,TRUE,Canopy species,40.8717851607142,74.8028232531908,26.208306560314657,Specific,Pouteria_gonggrijpii,Pou_gon
a,0.8,0.5,median,-0.04391506,-0.0292071,-0.016936100000000003,-0.008160285,-0.003297437999999999,Pouteria gonggrijpii,TRUE,Canopy species,40.8717851607142,74.8028232531908,26.208306560314657,Specific,Pouteria_gonggrijpii,Pou_gon
O,0.8,0.5,median,-6.418464000000001,-5.6193425,-4.666735,-3.7347550000000003,-2.614859,Pouteria gonggrijpii,FALSE,Canopy species,40.8717851607142,74.8028232531908,26.208306560314657,Specific,Pouteria_gonggrijpii,Pou_gon
tau,0.8,0.5,median,-0.1924595,0.08983095,0.3970745,0.7004875,0.9630078000000003,Paypayrola hulkiana,FALSE,Understory species,14.9605646506382,14.9605646506382,7.53370225123823,Community,Paypayrola_hulkiana,Pay_hul
a,0.8,0.5,median,-0.26526479999999997,-0.23694199999999999,-0.2113715,-0.1893725,-0.17077319999999996,Paypayrola hulkiana,TRUE,Understory species,14.9605646506382,14.9605646506382,7.53370225123823,Community,Paypayrola_hulkiana,Pay_hul
O,0.8,0.5,median,-6.954993,-6.879075,-6.73383,-6.5343525,-6.330362999999999,Paypayrola hulkiana,TRUE,Understory species,14.9605646506382,14.9605646506382,7.53370225123823,Community,Paypayrola_hulkiana,Pay_hul
tau,0.8,0.5,median,-0.5995440000000001,-0.296415,0.0210266,0.32515974999999997,0.6261058000000006,Ocotea argyrophylla,FALSE,Canopy species,43.5925389128701,64.1394420660338,27.7394576580879,Specific,Ocotea_argyrophylla,Oco_arg
a,0.8,0.5,median,-0.04809829000000002,-0.03007025,-0.0155184,-0.0073808575,-0.002824141999999997,Ocotea argyrophylla,TRUE,Canopy species,43.5925389128701,64.1394420660338,27.7394576580879,Specific,Ocotea_argyrophylla,Oco_arg
O,0.8,0.5,median,-5.9666630000000005,-4.963915,-3.856985,-2.8157550000000002,-1.6804889999999992,Ocotea argyrophylla,FALSE,Canopy species,43.5925389128701,64.1394420660338,27.7394576580879,Specific,Ocotea_argyrophylla,Oco_arg
tau,0.8,0.5,median,-1.691963,-1.209805,-0.706324,-0.19116725,0.2598263000000002,Ryania speciosa,FALSE,Understory species,3,18.46197,7.27664409394547,Community,Ryania_speciosa,Rya_spe
a,0.8,0.5,median,-0.4392809,-0.365928,-0.2910005,-0.22163049999999998,-0.1631814999999999,Ryania speciosa,TRUE,Understory species,3,18.46197,7.27664409394547,Community,Ryania_speciosa,Rya_spe
O,0.8,0.5,median,-5.651598,-5.2637625,-4.980930000000001,-4.79186,-4.653433999999999,Ryania speciosa,TRUE,Understory species,3,18.46197,7.27664409394547,Community,Ryania_speciosa,Rya_spe
tau,0.8,0.5,median,1.4058389999999998,1.6502175000000001,1.926445,2.19867,2.437336,Sterculia pruriens,TRUE,Canopy species,59.2056388301851,100.678764417548,34.819277149462835,Specific,Sterculia_pruriens,Ste_pru
a,0.8,0.5,median,-0.09082908,-0.07120935,-0.0537477,-0.0402382,-0.031054279999999997,Sterculia pruriens,TRUE,Canopy species,59.2056388301851,100.678764417548,34.819277149462835,Specific,Sterculia_pruriens,Ste_pru
O,0.8,0.5,median,-2.181906,-1.7879975,-1.25786,-0.68526025,-0.2860044999999998,Sterculia pruriens,TRUE,Canopy species,59.2056388301851,100.678764417548,34.819277149462835,Specific,Sterculia_pruriens,Ste_pru
tau,0.8,0.5,median,-0.6914444999999999,-0.428576,-0.13123849999999998,0.16249249999999998,0.41657310000000003,Sextonia rubra,FALSE,Canopy species,88.2195849558376,152.470435482036,38.7612965753689,Specific,Sextonia_rubra,Sex_rub
a,0.8,0.5,median,-0.0441054,-0.03601985,-0.0278535,-0.0196092,-0.01209219,Sextonia rubra,TRUE,Canopy species,88.2195849558376,152.470435482036,38.7612965753689,Specific,Sextonia_rubra,Sex_rub
O,0.8,0.5,median,-1.6386580000000004,-1.0893475000000001,-0.5937975,-0.269076,-0.10448659999999999,Sextonia rubra,TRUE,Canopy species,88.2195849558376,152.470435482036,38.7612965753689,Specific,Sextonia_rubra,Sex_rub
tau,0.8,0.5,median,-2.382319,-2.0789275,-1.7433800000000002,-1.4122325,-1.123475,Pradosia cochlearia,TRUE,Canopy species,67.258878950635,129.870433562987,38.6531000819834,Specific,Pradosia_cochlearia,Pra_coc
a,0.8,0.5,median,-0.04835856,-0.041122025000000006,-0.0333004,-0.02554765,-0.018985949999999998,Pradosia cochlearia,TRUE,Canopy species,67.258878950635,129.870433562987,38.6531000819834,Specific,Pradosia_cochlearia,Pra_coc
O,0.8,0.5,median,-1.105315,-0.71979375,-0.392355,-0.17526799999999998,-0.06671545,Pradosia cochlearia,TRUE,Canopy species,67.258878950635,129.870433562987,38.6531000819834,Specific,Pradosia_cochlearia,Pra_coc
tau,0.8,0.5,median,0.4603986,0.71880375,1.004495,1.29083,1.5663,Thyrsodium puberulum,TRUE,Canopy species,42.0885247006517,71.9380342775367,29.80087349064848,Specific,Thyrsodium_puberulum,Thy_pub
a,0.8,0.5,median,-0.02116995,-0.013503375,-0.0072007600000000005,-0.003236455,-0.0012121089999999994,Thyrsodium puberulum,TRUE,Canopy species,42.0885247006517,71.9380342775367,29.80087349064848,Specific,Thyrsodium_puberulum,Thy_pub
O,0.8,0.5,median,-6.369254000000001,-5.4883975000000005,-4.110175,-2.59901,-1.2746829999999996,Thyrsodium puberulum,FALSE,Canopy species,42.0885247006517,71.9380342775367,29.80087349064848,Specific,Thyrsodium_puberulum,Thy_pub
tau,0.8,0.5,median,-2.209409,-1.880215,-1.521265,-1.1817674999999999,-0.8582631999999998,Hebepetalum humiriifolium,TRUE,Canopy species,38.6746511713306,50.2929620170389,32.07242876544102,Specific,Hebepetalum_humiriifolium,Heb_hum
a,0.8,0.5,median,-0.09598585999999999,-0.07979425000000001,-0.0658403,-0.054685775,-0.046156499999999996,Hebepetalum humiriifolium,TRUE,Canopy species,38.6746511713306,50.2929620170389,32.07242876544102,Specific,Hebepetalum_humiriifolium,Heb_hum
O,0.8,0.5,median,-1.53341,-1.15049,-0.7284575,-0.3507065,-0.1375190999999997,Hebepetalum humiriifolium,TRUE,Canopy species,38.6746511713306,50.2929620170389,32.07242876544102,Specific,Hebepetalum_humiriifolium,Heb_hum
tau,0.8,0.5,median,-2.734814,-2.3573075,-1.95317,-1.56825,-1.2335499999999995,Tabernaemontana macrocalyx,TRUE,Understory species,6.22,9.5,13.10633488827709,Community,Tabernaemontana_macrocalyx,Tab_mac
a,0.8,0.5,median,-0.1896449,-0.14803275,-0.1116895,-0.084969775,-0.06781617,Tabernaemontana macrocalyx,TRUE,Understory species,6.22,9.5,13.10633488827709,Community,Tabernaemontana_macrocalyx,Tab_mac
O,0.8,0.5,median,-6.732438,-6.3700125000000005,-5.842715,-5.339625,-4.994886,Tabernaemontana macrocalyx,TRUE,Understory species,6.22,9.5,13.10633488827709,Community,Tabernaemontana_macrocalyx,Tab_mac
tau,0.8,0.5,median,1.2961840000000002,1.5530424999999999,1.85358,2.1359925,2.3994470000000003,Conceveiba guianensis,TRUE,Canopy species,30.398594130552,43.6084544071793,27.756971998549822,Specific,Conceveiba_guianensis,Con_gui
a,0.8,0.5,median,-0.07273131000000001,-0.05671275,-0.04343955,-0.0325751,-0.02307779,Conceveiba guianensis,TRUE,Canopy species,30.398594130552,43.6084544071793,27.756971998549822,Specific,Conceveiba_guianensis,Con_gui
O,0.8,0.5,median,-2.0042410000000004,-1.533575,-1.0068899999999998,-0.5011975,-0.18736339999999999,Conceveiba guianensis,TRUE,Canopy species,30.398594130552,43.6084544071793,27.756971998549822,Specific,Conceveiba_guianensis,Con_gui
tau,0.8,0.5,median,-0.4538641,-0.1031695,0.27452699999999997,0.62506675,0.9284305,Talisia mollis,FALSE,Understory species,10.1859163578813,10.3450713009732,11.66939502532218,Community,Talisia_mollis,Tal_mol
a,0.8,0.5,median,-0.17206380000000004,-0.1356885,-0.1024625,-0.07740182500000001,-0.06039424999999999,Talisia mollis,TRUE,Understory species,10.1859163578813,10.3450713009732,11.66939502532218,Community,Talisia_mollis,Tal_mol
O,0.8,0.5,median,-6.734219,-6.385175,-5.869465,-5.387722500000001,-5.038581,Talisia mollis,TRUE,Understory species,10.1859163578813,10.3450713009732,11.66939502532218,Community,Talisia_mollis,Tal_mol
tau,0.8,0.5,median,-0.12078880000000006,0.2224275,0.57999,0.922593,1.2252930000000002,Eugenia brownsbergii,FALSE,Understory species,4.53,6.6,10.191545520051081,Community,Eugenia_brownsbergii,Eug_bro
a,0.8,0.5,median,-0.1557763,-0.12129625,-0.09318024999999999,-0.0732278,-0.05886127,Eugenia brownsbergii,TRUE,Understory species,4.53,6.6,10.191545520051081,Community,Eugenia_brownsbergii,Eug_bro
O,0.8,0.5,median,-6.809277,-6.52966,-6.06123,-5.56801,-5.178023,Eugenia brownsbergii,TRUE,Understory species,4.53,6.6,10.191545520051081,Community,Eugenia_brownsbergii,Eug_bro
tau,0.8,0.5,median,-0.34881000000000006,-0.032416975,0.29831799999999997,0.64144375,0.9430043,Duroia longiflora,FALSE,Canopy species,28.8070446996331,53.4760608788768,27.184931850772422,Specific,Duroia_longiflora,Dur_lon
a,0.8,0.5,median,-0.08220445000000001,-0.061995225,-0.04334285,-0.0287051,-0.017312099999999997,Duroia longiflora,TRUE,Canopy species,28.8070446996331,53.4760608788768,27.184931850772422,Specific,Duroia_longiflora,Dur_lon
O,0.8,0.5,median,-2.69085,-2.2135425,-1.587495,-0.903626,-0.4035845,Duroia longiflora,TRUE,Canopy species,28.8070446996331,53.4760608788768,27.184931850772422,Specific,Duroia_longiflora,Dur_lon
tau,0.8,0.5,median,-0.15352540000000023,0.20797000000000002,0.5923065000000001,0.9940315000000001,1.3665850000000002,Licaria debilis,FALSE,Understory species,14.9128181677106,15.278874536822,12.575864741833694,Community,Licaria_debilis,Lic_deb
a,0.8,0.5,median,-0.21744249999999998,-0.166974,-0.11972,-0.0848343,-0.06305847999999999,Licaria debilis,TRUE,Understory species,14.9128181677106,15.278874536822,12.575864741833694,Community,Licaria_debilis,Lic_deb
O,0.8,0.5,median,-6.483115000000001,-5.9984424999999995,-5.4168,-4.9749625,-4.695126999999999,Licaria debilis,TRUE,Understory species,14.9128181677106,15.278874536822,12.575864741833694,Community,Licaria_debilis,Lic_deb
tau,0.8,0.5,median,-0.7210114000000001,-0.37827625000000004,0.00645292,0.37296474999999996,0.7278711,Mouriri sagotiana,FALSE,Understory species,13.5600011514295,13.687325105903,12.001316887268505,Community,Mouriri_sagotiana,Mou_sag
a,0.8,0.5,median,-0.2086809,-0.16007625,-0.11597199999999999,-0.081996525,-0.061036099999999996,Mouriri sagotiana,TRUE,Understory species,13.5600011514295,13.687325105903,12.001316887268505,Community,Mouriri_sagotiana,Mou_sag
O,0.8,0.5,median,-6.4716249999999995,-5.9230025,-5.32068,-4.858865,-4.578409,Mouriri sagotiana,TRUE,Understory species,13.5600011514295,13.687325105903,12.001316887268505,Community,Mouriri_sagotiana,Mou_sag
tau,0.8,0.5,median,-0.24117280000000005,0.10899250000000002,0.508049,0.8695557500000001,1.207741,Micropholis guyanensis,FALSE,Canopy species,31.2421153289391,32.1492985045629,13.96855459978797,Specific,Micropholis_guyanensis,Mic_guy
a,0.8,0.5,median,-0.2543364,-0.1997085,-0.142279,-0.094273125,-0.057027359999999985,Micropholis guyanensis,TRUE,Canopy species,31.2421153289391,32.1492985045629,13.96855459978797,Specific,Micropholis_guyanensis,Mic_guy
O,0.8,0.5,median,-5.502783000000001,-4.87904,-4.443015,-4.1519,-3.9321690000000005,Micropholis guyanensis,TRUE,Canopy species,31.2421153289391,32.1492985045629,13.96855459978797,Specific,Micropholis_guyanensis,Mic_guy
tau,0.8,0.5,median,-0.6599453000000001,-0.25768725000000003,0.1664135,0.58463375,0.9537040000000002,Palicourea quadrifolia,FALSE,Understory species,2.3,5.3,5.945378562505013,Community,Palicourea_quadrifolia,Pal_qua
a,0.8,0.5,median,-0.3629596,-0.290577,-0.212708,-0.149783,-0.10445599999999998,Palicourea quadrifolia,TRUE,Understory species,2.3,5.3,5.945378562505013,Community,Palicourea_quadrifolia,Pal_qua
O,0.8,0.5,median,-6.062997,-5.4803500000000005,-5.05389,-4.763132500000001,-4.570373,Palicourea quadrifolia,TRUE,Understory species,2.3,5.3,5.945378562505013,Community,Palicourea_quadrifolia,Pal_qua
tau,0.8,0.5,median,0.4721344999999999,0.7791545,1.11561,1.44963,1.7312190000000003,Jacaranda copaia,TRUE,Canopy species,44.2609896738561,63.9802871229419,33.5167337647636,Specific,Jacaranda_copaia,Jac_cop
a,0.8,0.5,median,-0.144783,-0.12174325,-0.10044449999999999,-0.08456874999999998,-0.07315978,Jacaranda copaia,TRUE,Canopy species,44.2609896738561,63.9802871229419,33.5167337647636,Specific,Jacaranda_copaia,Jac_cop
O,0.8,0.5,median,-1.417936,-1.1048850000000001,-0.729823,-0.36609875,-0.15229239999999997,Jacaranda copaia,TRUE,Canopy species,44.2609896738561,63.9802871229419,33.5167337647636,Specific,Jacaranda_copaia,Jac_cop
tau,0.8,0.5,median,-0.17966260000000006,0.12949650000000001,0.49369450000000004,0.85390575,1.170413,Licania ovalifolia,FALSE,Canopy species,61.3542305619257,73.6129505834086,35.574068498726625,Specific,Licania_ovalifolia,Lic_ova
a,0.8,0.5,median,-0.02967726,-0.018302075,-0.009874629999999999,-0.00432964,-0.0015546319999999998,Licania ovalifolia,TRUE,Canopy species,61.3542305619257,73.6129505834086,35.574068498726625,Specific,Licania_ovalifolia,Lic_ova
O,0.8,0.5,median,-5.746587000000001,-4.29362,-2.7842599999999997,-1.514885,-0.6662100999999999,Licania ovalifolia,FALSE,Canopy species,61.3542305619257,73.6129505834086,35.574068498726625,Specific,Licania_ovalifolia,Lic_ova
tau,0.8,0.5,median,-2.630389000000001,-2.1775325000000003,-1.71508,-1.26757,-0.8456689,Pouteria torta,TRUE,Canopy species,38.1176088705089,57.0093006155169,26.393456446048457,Specific,Pouteria_torta,Pou_tor
a,0.8,0.5,median,-0.08772462,-0.059754725,-0.0368488,-0.02024255,-0.008950712999999996,Pouteria torta,TRUE,Canopy species,38.1176088705089,57.0093006155169,26.393456446048457,Specific,Pouteria_torta,Pou_tor
O,0.8,0.5,median,-6.436941,-5.775682499999999,-4.92979,-4.1600850000000005,-3.4030609999999992,Pouteria torta,TRUE,Canopy species,38.1176088705089,57.0093006155169,26.393456446048457,Specific,Pouteria_torta,Pou_tor
tau,0.8,0.5,median,-1.3499420000000002,-0.89006025,-0.4124775,0.067032575,0.5037963000000004,Abuta grandifolia,FALSE,Understory species,4.115,4.8,9.554526713420088,Community,Abuta_grandifolia,Abu_gra
a,0.8,0.5,median,-0.4434765,-0.3542615,-0.2623855,-0.1823555,-0.12313069999999997,Abuta grandifolia,TRUE,Understory species,4.115,4.8,9.554526713420088,Community,Abuta_grandifolia,Abu_gra
O,0.8,0.5,median,-5.805356000000001,-5.27191,-4.904515,-4.653854999999999,-4.482104,Abuta grandifolia,TRUE,Understory species,4.115,4.8,9.554526713420088,Community,Abuta_grandifolia,Abu_gra
tau,0.8,0.5,median,0.8451574,1.12579,1.438265,1.7611649999999999,2.033265,Lecythis corrugata,TRUE,Canopy species,34.3297212249218,73.2112738222719,31.818850801949026,Specific,Lecythis_corrugata,Lec_cor
a,0.8,0.5,median,-0.16028430000000002,-0.14247575,-0.12590800000000002,-0.11227175,-0.1016918,Lecythis corrugata,TRUE,Canopy species,34.3297212249218,73.2112738222719,31.818850801949026,Specific,Lecythis_corrugata,Lec_cor
O,0.8,0.5,median,-0.9025065000000001,-0.6468875000000001,-0.38173650000000003,-0.17898325,-0.06827282999999999,Lecythis corrugata,TRUE,Canopy species,34.3297212249218,73.2112738222719,31.818850801949026,Specific,Lecythis_corrugata,Lec_cor
tau,0.8,0.5,median,-1.3336810000000003,-0.8726622500000001,-0.37495900000000004,0.11189950000000001,0.5284146000000002,Talisia megaphylla,FALSE,Understory species,11.1249305221235,11.4591559026165,15.53409669213327,Community,Talisia_megaphylla,Tal_meg
a,0.8,0.5,median,-0.1781734,-0.13140125,-0.0808745,-0.041068900000000005,-0.018367599999999987,Talisia megaphylla,TRUE,Understory species,11.1249305221235,11.4591559026165,15.53409669213327,Community,Talisia_megaphylla,Tal_meg
O,0.8,0.5,median,-4.071472,-3.5405625,-3.120555,-2.568855,-1.7256829999999992,Talisia megaphylla,TRUE,Understory species,11.1249305221235,11.4591559026165,15.53409669213327,Community,Talisia_megaphylla,Tal_meg
tau,0.8,0.5,median,0.049094209999999895,0.4103565,0.8256954999999999,1.22654,1.588094,Chimarrhis turbinata,TRUE,Canopy species,87.3124017802138,149.923956392565,40.425148466992894,Specific,Chimarrhis_turbinata,Chi_tur
a,0.8,0.5,median,-0.037746970000000005,-0.025047125,-0.0135444,-0.005824215,-0.0021354319999999996,Chimarrhis turbinata,TRUE,Canopy species,87.3124017802138,149.923956392565,40.425148466992894,Specific,Chimarrhis_turbinata,Chi_tur
O,0.8,0.5,median,-4.598299000000001,-2.9703125,-1.6728800000000001,-0.76686925,-0.2942392999999999,Chimarrhis turbinata,FALSE,Canopy species,87.3124017802138,149.923956392565,40.425148466992894,Specific,Chimarrhis_turbinata,Chi_tur
tau,0.8,0.5,median,-0.6032169000000001,-0.18881975,0.27309,0.725617,1.142684,Eperua falcata,FALSE,Canopy species,61.5929629765635,115.06902385544,37.73060990154428,Specific,Eperua_falcata,Epe_fal
a,0.8,0.5,median,-0.12571659999999998,-0.11640525,-0.106478,-0.09716785,-0.08930107999999999,Eperua falcata,TRUE,Canopy species,61.5929629765635,115.06902385544,37.73060990154428,Specific,Eperua_falcata,Epe_fal
O,0.8,0.5,median,-0.3564845,-0.22985825000000001,-0.1183145,-0.0515572,-0.019812709999999994,Eperua falcata,TRUE,Canopy species,61.5929629765635,115.06902385544,37.73060990154428,Specific,Eperua_falcata,Epe_fal
tau,0.8,0.5,median,-0.1329744000000001,0.2797315,0.7266505,1.17215,1.5523330000000002,Hirtella araguariensis,FALSE,Understory species,10.40873327821,10.40873327821,12.5136052666772,Community,Hirtella_araguariensis,Hir_ara
a,0.8,0.5,median,-0.40898360000000006,-0.32414725,-0.2351785,-0.15758550000000002,-0.10045959999999998,Hirtella araguariensis,TRUE,Understory species,10.40873327821,10.40873327821,12.5136052666772,Community,Hirtella_araguariensis,Hir_ara
O,0.8,0.5,median,-5.298878,-4.8176625,-4.484685,-4.2507925,-4.067029,Hirtella araguariensis,TRUE,Understory species,10.40873327821,10.40873327821,12.5136052666772,Community,Hirtella_araguariensis,Hir_ara
tau,0.8,0.5,median,-0.44356999999999996,-0.063940325,0.33404449999999997,0.7346365,1.0913960000000003,Couma guianensis,FALSE,Canopy species,51.5821170560833,84.8295846679802,32.61193310991748,Specific,Couma_guianensis,Cou_gui
a,0.8,0.5,median,-0.04066923000000001,-0.027715575,-0.0156938,-0.006707075000000001,-0.002367105999999999,Couma guianensis,TRUE,Canopy species,51.5821170560833,84.8295846679802,32.61193310991748,Specific,Couma_guianensis,Cou_gui
O,0.8,0.5,median,-4.694653,-2.99858,-1.820735,-0.90059875,-0.38643419999999984,Couma guianensis,FALSE,Canopy species,51.5821170560833,84.8295846679802,32.61193310991748,Specific,Couma_guianensis,Cou_gui
tau,0.8,0.5,median,-1.3688390000000001,-1.009245,-0.633204,-0.2507715,0.09623885000000042,Lecythis poiteaui,FALSE,Canopy species,50.7704268463146,129.99775751746,40.68563200275004,Specific,Lecythis_poiteaui,Lec_poi
a,0.8,0.5,median,-0.1294073,-0.11643625,-0.104258,-0.09260735,-0.08264446,Lecythis poiteaui,TRUE,Canopy species,50.7704268463146,129.99775751746,40.68563200275004,Specific,Lecythis_poiteaui,Lec_poi
O,0.8,0.5,median,-0.6883137000000001,-0.46095549999999996,-0.2632685,-0.12238450000000001,-0.04783542999999993,Lecythis poiteaui,TRUE,Canopy species,50.7704268463146,129.99775751746,40.68563200275004,Specific,Lecythis_poiteaui,Lec_poi
tau,0.8,0.5,median,1.053153,1.4336025000000001,1.8441049999999999,2.2377374999999997,2.590592,Anacardium spruceanum,TRUE,Canopy species,52.8394411065092,84.6704297248883,30.60130586349156,Specific,Anacardium_spruceanum,Ana_spr
a,0.8,0.5,median,-0.10433629999999999,-0.07448225,-0.050173300000000004,-0.03159025,-0.016984749999999996,Anacardium spruceanum,TRUE,Canopy species,52.8394411065092,84.6704297248883,30.60130586349156,Specific,Anacardium_spruceanum,Ana_spr
O,0.8,0.5,median,-2.857345,-2.3321899999999998,-1.659075,-0.92952175,-0.4196801999999996,Anacardium spruceanum,TRUE,Canopy species,52.8394411065092,84.6704297248883,30.60130586349156,Specific,Anacardium_spruceanum,Ana_spr
tau,0.8,0.5,median,-0.2379062,0.118933,0.523298,0.91179675,1.2466920000000001,Posoqueria latifolia,FALSE,Canopy species,25.9581712182881,32.9450732200223,24.7693503934316,Specific,Posoqueria_latifolia,Pos_lat
a,0.8,0.5,median,-0.1413954,-0.113397,-0.08698425,-0.06785987500000001,-0.05395934999999999,Posoqueria latifolia,TRUE,Canopy species,25.9581712182881,32.9450732200223,24.7693503934316,Specific,Posoqueria_latifolia,Pos_lat
O,0.8,0.5,median,-1.903674,-1.5620975,-1.076765,-0.5913952499999999,-0.25213689999999994,Posoqueria latifolia,TRUE,Canopy species,25.9581712182881,32.9450732200223,24.7693503934316,Specific,Posoqueria_latifolia,Pos_lat
tau,0.8,0.5,median,0.19139099999999987,0.791447,1.487075,2.1552724999999997,2.768712,Ixora ferrea,TRUE,Understory species,2.6,4.4,6.536236708232826,Community,Ixora_ferrea,Ixo_fer
a,0.8,0.5,median,-0.3591314,-0.2689505,-0.1869095,-0.12763750000000001,-0.09198261999999997,Ixora ferrea,TRUE,Understory species,2.6,4.4,6.536236708232826,Community,Ixora_ferrea,Ixo_fer
O,0.8,0.5,median,-6.505054,-5.976497500000001,-5.373725,-4.9333425,-4.634,Ixora ferrea,TRUE,Understory species,2.6,4.4,6.536236708232826,Community,Ixora_ferrea,Ixo_fer
tau,0.8,0.5,median,-0.4812014,0.0082589375,0.5132565,1.0132124999999998,1.469553,Recordoxylon speciosum,FALSE,Canopy species,56.5000047976228,74.8028232531908,31.613734639896382,Specific,Recordoxylon_speciosum,Rec_spe
a,0.8,0.5,median,-0.06784344,-0.04300875,-0.02336345,-0.010278450000000001,-0.003863247999999998,Recordoxylon speciosum,TRUE,Canopy species,56.5000047976228,74.8028232531908,31.613734639896382,Specific,Recordoxylon_speciosum,Rec_spe
O,0.8,0.5,median,-5.306146000000001,-3.9512175000000003,-2.801635,-1.6497625,-0.7205952999999995,Recordoxylon speciosum,TRUE,Canopy species,56.5000047976228,74.8028232531908,31.613734639896382,Specific,Recordoxylon_speciosum,Rec_spe
tau,0.8,0.5,median,-4.891047,-3.9891325,-2.96659,-2.055985,-1.2451529999999997,Faramea paniculata,TRUE,Understory species,6.19,7,12.7391459087732,Community,Faramea_paniculata,Far_pan
a,0.8,0.5,median,-0.3601553,-0.26302125,-0.16545100000000001,-0.092587225,-0.05198345999999999,Faramea paniculata,TRUE,Understory species,6.19,7,12.7391459087732,Community,Faramea_paniculata,Far_pan
O,0.8,0.5,median,-5.750723000000001,-5.0312125000000005,-4.49468,-4.13038,-3.814361,Faramea paniculata,TRUE,Understory species,6.19,7,12.7391459087732,Community,Faramea_paniculata,Far_pan
tau,0.8,0.5,median,-2.397395,-1.6998125,-0.9367125000000001,-0.22029325,0.37116500000000086,Eugenia albicans,FALSE,Understory species,14.4830998213625,14.4830998213625,8.58961800556858,Community,Eugenia_albicans,Eug_alb
a,0.8,0.5,median,-0.4646476000000001,-0.34944225,-0.248594,-0.1759905,-0.13043539999999998,Eugenia albicans,TRUE,Understory species,14.4830998213625,14.4830998213625,8.58961800556858,Community,Eugenia_albicans,Eug_alb
O,0.8,0.5,median,-6.662853,-6.2695574999999995,-5.780905000000001,-5.361994999999999,-5.0705089999999995,Eugenia albicans,TRUE,Understory species,14.4830998213625,14.4830998213625,8.58961800556858,Community,Eugenia_albicans,Eug_alb
tau,0.8,0.5,median,-1.8362660000000004,-1.2804075,-0.672492,-0.06956215,0.44703020000000004,Chaetocarpus schomburgkianus,FALSE,Canopy species,42.3352148624442,73.5295837084556,29.43744343365104,Specific,Chaetocarpus_schomburgkianus,Cha_sch
a,0.8,0.5,median,-0.136136,-0.1095135,-0.0850678,-0.06562815,-0.0507563,Chaetocarpus schomburgkianus,TRUE,Canopy species,42.3352148624442,73.5295837084556,29.43744343365104,Specific,Chaetocarpus_schomburgkianus,Cha_sch
O,0.8,0.5,median,-1.8327479999999998,-1.4166999999999998,-0.9245775,-0.47360525000000003,-0.19987539999999998,Chaetocarpus schomburgkianus,TRUE,Canopy species,42.3352148624442,73.5295837084556,29.43744343365104,Specific,Chaetocarpus_schomburgkianus,Cha_sch
